create database su164;
use su164;
CREATE TABLE Course(
Course_id varchar(9) ,
Course_name char (100),
primary key(Course_id)
);

insert into Course (course_id ,course_name) values ('SU164','INSIGHTS INTO GAMES');

CREATE TABLE Faculty(
	Faculty_id varchar(2),
    Faculty_name varchar (45),
    PRIMARY KEY(Faculty_id)
);

insert into Faculty(Faculty_id,Faculty_name) values ('51','Arts'),
('61','Education'),
('71','Science'),
('81','Pharmacy'),
('91','Engineering');

create table Department(
	Department_id varchar(3),
    Department_name varchar (45),
    Faculty_id varchar(2),
    primary key(Department_id),
    FOREIGN KEY (Faculty_id) REFERENCES Faculty(Faculty_id) ON DELETE CASCADE
);

create table Student(
	Student_id varchar(9),
    First_name varchar (45),
    Last_name varchar(45),
    Department_id varchar(3),
    primary key(Student_id),
    FOREIGN KEY (Department_id) REFERENCES Department(Department_id) ON DELETE CASCADE
);

CREATE TABLE Enrollment (
    EnrollmentID INT AUTO_INCREMENT,
    Student_id varchar(9),
    Course_id varchar(9),
    EnrollmentDate Date,
    PRIMARY KEY(EnrollmentID),
    FOREIGN KEY (Student_id) REFERENCES Student(Student_id) ON DELETE CASCADE,
    FOREIGN KEY (Course_id) REFERENCES Course(Course_id) ON DELETE CASCADE
);

insert into Enrollment(Student_id,Course_id,EnrollmentDate) values ('640510030','SU164','2024-11-13'),
('640510044','SU164','2024-11-13'),
('640510054','SU164','2024-11-13'),
('640510155','SU164','2024-11-13'),
('640510217','SU164','2024-11-13'),
('640510311','SU164','2024-11-13'),
('640510459','SU164','2024-11-13'),
('640510462','SU164','2024-11-13'),
('640510479','SU164','2024-11-13'),
('640510484','SU164','2024-11-13'),
('640510510','SU164','2024-11-13'),
('640510676','SU164','2024-11-13'),
('640510708', 'SU164', '2024-11-14'),
('640510896', 'SU164', '2024-11-14'),
('640511025', 'SU164', '2024-11-14'),
('640511034', 'SU164', '2024-11-14'),
('650510105', 'SU164', '2024-11-14'),
('650510113', 'SU164', '2024-11-14'),
('650510115', 'SU164', '2024-11-14'),
('650510359', 'SU164', '2024-11-14'),
('650510800', 'SU164', '2024-11-14'),
('650510802', 'SU164', '2024-11-14'),
('650510807', 'SU164', '2024-11-15'),
('650510809', 'SU164', '2024-11-15'),
('650510893', 'SU164', '2024-11-15'),
('650510895', 'SU164', '2024-11-15'),
('650510900', 'SU164', '2024-11-15'),
('650510936', 'SU164', '2024-11-16'),
('650510942', 'SU164', '2024-11-16'),
('660510041', 'SU164', '2024-11-16'),
('660510071', 'SU164', '2024-11-17'),
('660510139', 'SU164', '2024-11-17'),
('660510154', 'SU164', '2024-11-17'),
('660510158', 'SU164', '2024-11-17'),
('660510171', 'SU164', '2024-11-17'),
('660510196', 'SU164', '2024-11-17'),
('660510206', 'SU164', '2024-11-17'),
('660510241', 'SU164', '2024-11-17'),
('660510249', 'SU164', '2024-11-18'),
('660510258', 'SU164', '2024-11-18'),
('660510297', 'SU164', '2024-11-18'),
('660510299', 'SU164', '2024-11-19'),
('660510308', 'SU164', '2024-11-19'),
('660510312', 'SU164', '2024-11-19'),
('660510347', 'SU164', '2024-11-19'),
('660510365', 'SU164', '2024-11-19'),
('660510400', 'SU164', '2024-11-19'),
('660510409', 'SU164', '2024-11-19'),
('660510423', 'SU164', '2024-11-19'),
('650710078', 'SU164', '2024-11-19'),
('650710091', 'SU164', '2024-11-19'),
('650710097', 'SU164', '2024-11-19'),
('650710098', 'SU164', '2024-11-20'),
('650710101', 'SU164', '2024-11-20'),
('650710116', 'SU164', '2024-11-20'),
('650710125', 'SU164', '2024-11-20'),
('650710138', 'SU164', '2024-11-20'),
('650710196', 'SU164', '2024-11-20'),
('650710213', 'SU164', '2024-11-21'),
('650710217', 'SU164', '2024-11-21'),
('650710525', 'SU164', '2024-11-21'),
('650710534', 'SU164', '2024-11-21'),
('650710579', 'SU164', '2024-11-21'),
('650710583', 'SU164', '2024-11-21'),
('650710838', 'SU164', '2024-11-21'),
('650710840', 'SU164', '2024-11-21'),
('650710932', 'SU164', '2024-11-21'),
('660710058', 'SU164', '2024-11-22'),
('660710171', 'SU164', '2024-11-22'),
('660710174', 'SU164', '2024-11-22'),
('660710700', 'SU164', '2024-11-22'),
('660710702', 'SU164', '2024-11-22'),
('660710703', 'SU164', '2024-11-22'),
('660710705', 'SU164', '2024-11-22'),
('660710707', 'SU164', '2024-11-22'),
('660710711', 'SU164', '2024-11-22'),
('660710718', 'SU164', '2024-11-23'),
('660710725', 'SU164', '2024-11-23'),
('660710739', 'SU164', '2024-11-23'),
('660710751', 'SU164', '2024-11-23'),
('660710757', 'SU164', '2024-11-23'),
('660710759', 'SU164', '2024-11-23'),
('660710766', 'SU164', '2024-11-23'),
('660710769', 'SU164', '2024-11-23'),
('660710826', 'SU164', '2024-11-23'),
('670710093', 'SU164', '2024-11-23'),
('670710095', 'SU164', '2024-11-23'),
('670710115', 'SU164', '2024-11-23'),
('670710383', 'SU164', '2024-11-23'),
('670710430', 'SU164', '2024-11-24'),
('670710436', 'SU164', '2024-11-24'),
('670710441', 'SU164', '2024-11-24'),
('670710445', 'SU164', '2024-11-24'),
('670710477', 'SU164', '2024-11-24'),
('670710530', 'SU164', '2024-11-24'),
('670710537', 'SU164', '2024-11-24'),
('670710895', 'SU164', '2024-11-25'),
('670710901', 'SU164', '2024-11-25'),
('670710903', 'SU164', '2024-11-25'),
('670710913', 'SU164', '2024-11-25'),
('670710924', 'SU164', '2024-11-26'),
('670710934', 'SU164', '2024-11-26'),
('670710943', 'SU164', '2024-11-26'),
('670710949', 'SU164', '2024-11-26'),
('670710950', 'SU164', '2024-11-26'),
('670710953', 'SU164', '2024-11-26'),
('670710993', 'SU164', '2024-11-26');



#department

insert into Department(Department_id,Department_name,Faculty_id) values 
('436','INFORMATION AND LIBRARY SCIENCE','51'),
('450','MAJOR ASIAN STUDIES','51'),
('433','MAJOR PHILOSOPHY','51'),
('412','MAJOR ENGLISH','51'),
('413','MAJOR CHINESE','51'),
('435','SOCIAL SCIENCES AND DEVELOPMENT','51'),
('411','MAJOR THAI','51'),
('442','MAJOR JAPANESE','51'),
('451','MATHEMATICS','61'),
('463','PSYCHOLOGY','61'),
('476','CHINESE','61'),
('468','EDUCATIONAL TECHNOLOGY','61'),
('517','COMPUTER SCIENCE','71'),
('518','MICROBIOLOGY','71'),
('513','CHEMISTRY','71'),
('516','ENVIRONMENTAL SCIENCE','71'),
('515','STATISTICS AND DATA ANALYTICS','71'),
('520','INFORMATION TECHNOLOGY','71'),
('521','BIOLOGY','71'),
('522','DATA SCIENCE','71'),
('514','PHYSICS','71'),
('511','MATHEMATICS','71'),
('519','APPLIED MATHEMATICS','71'),
('566','Pharm.D.','81'),
('618','ELECTRONICS AND COMPUTER SYSTEM','91'),
('616','CHEMICAL ENGINEERING','91'),
('614','MANAGEMENT ENGINEERING AND LOGISTICS','91'),
('631','ELECTRICAL COMMUNICATIONS ENGINEERING','91'),
('611','PETROCHEMICAL & POLYMERIC MATERIALS','91'),
('620','MATERIALS ENGINEERING AND NANOTECHNOLOGY','91');


#student


insert into Student(Student_id,First_name,Last_name,Department_id) values ('640510022','นางสาวขนิษฐา,',' ฝ้ายเพ็ชร์','436'),
('640510030','นางสาวอธิชา',' รื่นเกิด','436'),
('640510044','นางสาวมานิตา','วาทะสุนทรพงศ์','450'),
('640510054','นายจิตรกร','ยาวรัมย์','450'),
('640510155','นายปรัชญา','ปุจฉาการ','433'),
('640510217','นายสิทธิกร','เกษธรรม','436'),
('640510311', 'นางสาวปัทมพร','ห้วยหงษ์ทอง','436'),
('640510459', 'นายนรพนธ์','เรืองแจ้ง','412'),
('640510462', 'นางสาวนฤมล','อินทร์แป้น', '436'),
('640510479', 'นางสาวนิชารัศม์','คชศิลา', '413'),
('640510484', 'นางสาวนิษาชล','เลิศชัยวินิต', '413'),
('640510510', 'นางสาวปวีณ์ริศา','เลิศณรงค์ชาญ', '413'),
('640510676', 'นางสาวหทัยรัตน์','เจรจาศิลป', '413'),
('640510708', 'นายอารักษ์','ฤทธิลัน', '436'),
('640510896', 'นางสาวกชกร','คุ้มสะอาด', '450'),
('640511025', 'นายกฤษณิญนภ์','วงศ์สุวัฒน์', '450'),
('640511034', 'นายวรรณวุฒิ','เล็กศิลา', '450'),
('650510105', 'นางสาวชนิกานต์','วรกุลปัญญาเลิศ', '450'),
('650510113', 'นางสาวปภาวรินท์','สุขทั่ว', '450'),
('650510115', 'นางสาวปานระพี','บ้านคุ้ม', '450'),
('650510359', 'นายฉัตรณรงค์','แกล้วกล้า', '436'),
('650510800', 'นายนวมินทร์','แก้วอำไพ', '435'),
('650510802', 'นายโภคิน','ศูนย์รัมย์', '435'),
('650510807', 'นายธนชัย','ทองกลม', '436'),
('650510809', 'นายพันธกานต์','เวียนเตียง', '436'),
('650510893', 'นางสาวเกวลี','เดชนิติรัตน์', '450'),
('650510895', 'นายเจษฎา','ทองสำราญ', '450'),
('650510900', 'นายณภัทรสัณห์','จันทร์หอม', '450'),
('650510936', 'นางสาวมนัสนันท์','ขจรวงศ์วัฒนา', '450'),
('650510942', 'นางสาววรันธร','ทรัพย์พันแสน', '450'),
('660510041', 'นางสาวนลินนิภา','ชมภูโพชน์', '433'),
('660510071', 'นางสาวพัชราภา','แก้วชาติ', '436'),
('660510139', 'นายกวีวัฒน์','สัตยะเสาระยะ', '411'),
('660510154', 'นายเขมชาติ','เยาวพันธ์', '433'),
('660510158', 'นายคณิศร','ใหญ่ยิ่ง', '411'),
('660510171', 'นางสาวชนัญธิตา','สำราญจิตต์', '436'),
('660510196', 'นางสาวฐิรญา','จินดารัตน์', '435'),
('660510206', 'นายณัฐพงศ์','ว่องเจิดจรัส', '433'),
('660510241', 'นางสาวนภาวรรณ','เฮงสิ', '411'),
('660510249', 'นางสาวนิติยา','นุชน้อย', '442'),
('660510258', 'นางสาวปริญญาภรณ์','วรรณทอง', '436'),
('660510297', 'นางสาวภิมลดา','อ้นปรารมย์', '412'),
('660510299', 'นางสาวภูษณิศา','เกษม', '436'),
('660510308', 'นางสาวรุ่งไพลิน','ขำกุศล', '411'),
('660510312', 'นายวชิรวิทย์','ครุธตำคำ', '436'),
('660510347', 'นายสุเมธ','ศรีวิเศษ', '412'),
('660510365', 'นางสาวอารยา','ทองสี', '435'),
('660510400', 'นางสาวจุฑามาส','พิสิฐเมธ', '435'),
('660510409', 'นางสาวธนพรรณ','ทรัพย์ธำรงกุล', '436'),
('660510423', 'นายกฤตธารา','มีมา', '442'),
('650710078','นายณัฐวุฒิ',' ปินะกาพัง','517'),
('650710091','นายภาวัต ','แก้วแกมคง','517'),
('650710097','นายสุชัญญา',' คดดี','517'),
('650710098','นายสุชานัน ','คดดี','517'),
('650710101','นายอาณัต',' บัวดอนไพร','517'),
('650710116','นางสาวณัฐธยาน์ ','สุขสดเขียว','518'),
('650710125','นางสาวปานจันทร์ ','สวัสดินันทน์','518'),
('650710138','นายวิธาน ','จงงดงาม','518'),
('650710196','นายกีรติศักดิ์ ','อารีย์วงศ์สถิตย์','513'),
('650710213','นายกัญจน์ จ','รัสโรจนพร','517'),
('650710217','นายนรินทร์ ','ลาภพิสมัย','517'),
('650710525','นายกษิดินทร ','ภูฆัง','517'),
('650710534','นายจีราวัฒน์ ','ศิรยศลักษณ์','517'),
('650710579','นายวรนพ ','ลิมป์ปีติวรกุล','517'),
('650710583','นางสาวศศิรัตน์ ','บริสุทธิ์','517'),
('650710838','นายภูมิภัทร ','จิตรครองสิทธิ์','517'),
('650710840','นางสาววริศรา ','ป้ายงูเหลือม','517'),
('650710932','นางสาวพีรปรียา ','บุญยิ่ง','516'),
('660710058','นางสาวณัชชา ','ฉิมบุญอยู่','515'),
('660710171','นายธนกร ','บุ้นเฮี้ยน','520'),
('660710174','นางสาวบุณยานุช',' ศรีจันทร์ฉาย','520'),
('660710700','นายชญานนท์',' สุขอินทร์','520'),
('660710702','นางสาวชัยรัมภา',' เครือปาน','520'),
('660710703','นายชุติพงศ์',' บูรณกุลกิจการ','520'),
('660710705','นางสาวณปภัช',' นักฟ้อน','520'),
('660710707','นางสาวณัฐกฤตา ','เพ็ชรคง','520'),
('660710711','นายธนเสฎฐ์',' ยิ้มประเสริฐ','520'),
('660710718','นายนัธทวัฒน์ ','วิบูลย์มงคล','520'),
('660710725','นายพชรพงษ์','งามเลิศ','520'),
('660710739','นายศศิชัย',' ชัยรัตนอุดมกุล','520'),
('660710751','นายจารุเดช ','เปรื่องปรีชาสกุล','520'),
('660710757','นายณัฐสิทธิ์ ','หุ่นปั้น','520'),
('660710759','นางสาวณิชาภัทร ','พลพวก','520'),
('660710766','นายปัญญากร ','วงศ์ศรีวัฒนกุล','520'),
('660710769','นางสาวเพลงพิณ ','ฉุ้นประดับ','520'),
('660710826','นายวศิน ','อินทคล้าย','522'),
('670710093','นางสาววันวิษา ','ทองหาญ','514'),
('670710095','นายสิทธิโชค ','ดำสะดี','514'),
('670710115','นางสาวเกตน์สิรี ','เพียรประเสริฐ','516'),
('670710383','นางสาวพิมพ์วิภา ','ช้างเขียว','511'),
('670710430','นางสาวภิญญดา ','วิเชียรประสาสน์','521'),
('670710436','นางสาวศิรดา ','วันดี','521'),
('670710441','นายอาฟีนัน ','ดอฮะ','521'),
('670710445','นางสาวนุจิรา',' เขียวขาว','521'),
('670710477','นายธีรภัทร ','ชีวโรจน์ณรงค์','513'),
('670710530','นางสาวไอยลดา ','นักธรรม','514'),
('670710537','นางสาวจิรพัฒน์ ','ศิรินาโพธิ์','515'),
('670710895','นางสาวกัญญ์กุลณัช',' พวงศรีทอง','521'),
('670710901','นางสาวชลิตา ','บุญสาลี','521'),
('670710903','นางสาวณัฐชนันท์ ','แก้วสุวรรณ','521'),
('670710913','นายปุณยตว์ ','ก้อนจันทร์เทศ','521'),
('670710924','นางสาววีรดา ','พุทธคุณ','521'),
('670710934','นางสาวชัญญา',' ศิริชัย','514'),
('670710943','นางสาวดารินทร์ ','ชมสวนสวรรค์','515'),
('670710949','นางสาวบุณยวีร์ ','เสือนาค','515'),
('670710950','นางสาวปัญญาพร ','เหมพิจิตร','515'),
('670710953','นางสาวพิชชาภา ','ปัญญะสังข์','515'),
('670710993','นายธนวัฒน์ ','เฮ้งพาณิชย์กิจ','519');

SELECT * FROM department;
show tables;
select * from student;
SELECT s.Student_id, s.First_name, s.Last_name, 
       d.Department_name, 
       c.Course_name, 
       e.EnrollmentDate, 
       f.Faculty_name
FROM Student s
JOIN Department d ON s.Department_id = d.Department_id
JOIN Faculty f ON d.Faculty_id = f.Faculty_id
JOIN Enrollment e ON s.Student_id = e.Student_id
JOIN Course c ON e.Course_id = c.Course_id
LIMIT 5;